{"avg": {"Unbalanced_power_relations": 0.83375997811411, "Shallow_solution": 0.05394791802692225, "Presupposition": 0.13200717220224856, "Authority_voice": 0.018954240156075018, "Metaphors": 0.009363718620457463, "Compassion": 0.4534377078227173, "The_poorer_the_merrier": 0.0}, "values": {"Unbalanced_power_relations": [0.8449612403100776, 0.8412017167381974, 0.8174603174603174, 0.8588469184890656, 0.8221343873517787, 0.7712082262210797, 0.8427184466019418, 0.8582375478927203, 0.8359375, 0.8333333333333334, 0.8359375, 0.8494208494208495, 0.8248337028824835, 0.8469601677148847, 0.8302658486707566, 0.838206627680312, 0.8151093439363817, 0.8604206500956023, 0.8221343873517787, 0.8316430020283976, 0.7893462469733655, 0.8271334792122538, 0.8190045248868778, 0.8449612403100776, 0.8337028824833703, 0.8313725490196078, 0.8712121212121211, 0.8103792415169659, 0.8449612403100776, 0.8221343873517787, 0.8404669260700389, 0.8343815513626833, 0.8266666666666665, 0.8404669260700389, 0.8082191780821918, 0.8582375478927203, 0.8221343873517787, 0.8538461538461538, 0.8494208494208495, 0.8413793103448276], "Shallow_solution": [0.0, 0.0, 0.0, 0.3870967741935484, 0.0, 0.0, 0.0, 0.0, 0.0, 0.1408450704225352, 0.0, 0.0, 0.10526315789473684, 0.09375, 0.5396825396825397, 0.0, 0.0, 0.0, 0.0, 0.30434782608695654, 0.15584415584415584, 0.029850746268656716, 0.14285714285714288, 0.0, 0.16216216216216214, 0.0, 0.0, 0.0, 0.0, 0.0, 0.0, 0.028985507246376812, 0.03389830508474576, 0.0, 0.0, 0.0, 0.0, 0.0, 0.0, 0.03333333333333333], "Presupposition": [0.0, 0.4827586206896552, 0.0, 0.08450704225352113, 0.0, 0.3762376237623763, 0.0, 0.0, 0.0, 0.33707865168539325, 0.0, 0.0, 0.43283582089552236, 0.20689655172413793, 0.13513513513513511, 0.0, 0.0, 0.0, 0.0, 0.3023255813953488, 0.26666666666666666, 0.35051546391752575, 0.30107526881720426, 0.0, 0.42000000000000004, 0.0, 0.0, 0.0, 0.0, 0.0, 0.0, 0.2696629213483146, 0.31683168316831684, 0.0, 0.5138888888888888, 0.0, 0.0, 0.0, 0.0, 0.48387096774193544], "Authority_voice": [0.0, 0.030769230769230767, 0.0, 0.0, 0.0, 0.0, 0.0, 0.0, 0.0, 0.0, 0.0, 0.0, 0.21333333333333335, 0.08571428571428572, 0.026666666666666665, 0.0, 0.0, 0.0, 0.0, 0.29357798165137616, 0.0, 0.0, 0.0, 0.0, 0.0, 0.0, 0.0, 0.0, 0.0, 0.0, 0.0, 0.0, 0.0, 0.0, 0.0, 0.0, 0.0, 0.0, 0.0, 0.10810810810810813], "Metaphors": [0.0, 0.0, 0.0, 0.0, 0.0, 0.0, 0.0, 0.0, 0.0, 0.0, 0.0, 0.0, 0.0, 0.09523809523809525, 0.0, 0.0, 0.0, 0.0, 0.0, 0.06451612903225806, 0.0, 0.0, 0.0547945205479452, 0.0, 0.0, 0.0, 0.0, 0.0, 0.0, 0.0, 0.0, 0.0, 0.0, 0.0, 0.0, 0.0, 0.0, 0.0, 0.0, 0.16000000000000003], "Compassion": [0.617169373549884, 0.6052631578947368, 0.6361556064073227, 0.41791044776119407, 0.6214953271028038, 0.6510416666666666, 0.0, 0.6009389671361502, 0.5976470588235294, 0.6169491525423729, 0.6345609065155807, 0.0, 0.6945337620578779, 0.6439393939393939, 0.5024154589371981, 0.5757575757575757, 0.0, 0.0, 0.0, 0.3939393939393939, 0.6950819672131148, 0.6832740213523132, 0.7115384615384617, 0.45714285714285724, 0.7228070175438597, 0.27906976744186046, 0.0, 0.6576576576576576, 0.0, 0.5519713261648744, 0.6267281105990784, 0.6113207547169812, 0.6964856230031949, 0.6615776081424936, 0.6772151898734178, 0.0, 0.0, 0.0, 0.6139534883720931, 0.6819672131147541], "The_poorer_the_merrier": [0.0, 0.0, 0.0, 0.0, 0.0, 0.0, 0.0, 0.0, 0.0, 0.0, 0.0, 0.0, 0.0, 0.0, 0.0, 0.0, 0.0, 0.0, 0.0, 0.0, 0.0, 0.0, 0.0, 0.0, 0.0, 0.0, 0.0, 0.0, 0.0, 0.0, 0.0, 0.0, 0.0, 0.0, 0.0, 0.0, 0.0, 0.0, 0.0, 0.0]}}