{"avg": {"Unbalanced_power_relations": 0.8884930109103322, "Shallow_solution": 0.5900111169489586, "Presupposition": 0.5469263158711641, "Authority_voice": 0.5092407497048033, "Metaphors": 0.32741707737714054, "Compassion": 0.7695627688732983, "The_poorer_the_merrier": 0.04835956200662084}, "values": {"Unbalanced_power_relations": [0.9082969432314412, 0.8907922912205568, 0.878048780487805, 0.8840262582056894, 0.8783783783783784, 0.9140271493212669, 0.8934240362811792, 0.8954545454545455, 0.8951965065502184, 0.9020501138952164, 0.8940092165898617, 0.8755555555555555, 0.8878923766816144, 0.8685968819599109, 0.8705357142857142, 0.8942731277533039, 0.8826291079812206, 0.9137931034482759, 0.8857808857808859, 0.882494004796163, 0.8794642857142857, 0.8991228070175438, 0.8805309734513274, 0.8845315904139434, 0.8830548926014319, 0.8818181818181818, 0.8927789934354485, 0.8436018957345972, 0.89749430523918, 0.8808988764044945, 0.8993288590604027, 0.8727272727272728, 0.8940092165898618, 0.8847058823529411, 0.8649885583524026, 0.9193899782135077, 0.8898876404494382, 0.92, 0.8711111111111111, 0.8873563218390803], "Shallow_solution": [0.6268656716417911, 0.5, 0.6170212765957447, 0.6407766990291262, 0.5773195876288659, 0.5045045045045046, 0.6481481481481483, 0.607843137254902, 0.6355140186915887, 0.6306306306306307, 0.6181818181818182, 0.5544554455445545, 0.45652173913043476, 0.5238095238095237, 0.5, 0.5434782608695652, 0.6495726495726496, 0.6206896551724139, 0.5656565656565656, 0.6194690265486724, 0.627450980392157, 0.6363636363636365, 0.6304347826086957, 0.5384615384615384, 0.6213592233009708, 0.6141732283464567, 0.4731182795698925, 0.5934065934065935, 0.5614035087719298, 0.5526315789473685, 0.6274509803921569, 0.5599999999999999, 0.5531914893617021, 0.5945945945945946, 0.7192982456140352, 0.6407766990291263, 0.5773195876288659, 0.4893617021276596, 0.58, 0.5934065934065933], "Presupposition": [0.6341463414634146, 0.5274725274725274, 0.5287356321839081, 0.5614035087719297, 0.5523809523809523, 0.5692307692307693, 0.6106870229007634, 0.5517241379310345, 0.5370370370370371, 0.528, 0.5, 0.510948905109489, 0.41304347826086957, 0.4786324786324786, 0.5098039215686274, 0.578512396694215, 0.6666666666666667, 0.5208333333333334, 0.5967741935483871, 0.6013986013986014, 0.5873015873015873, 0.490566037735849, 0.528, 0.5137614678899083, 0.5299145299145299, 0.6666666666666666, 0.5636363636363636, 0.5196850393700787, 0.588235294117647, 0.534351145038168, 0.6363636363636365, 0.4909090909090909, 0.5614035087719299, 0.5321100917431192, 0.4696969696969697, 0.5454545454545454, 0.45098039215686275, 0.7111111111111111, 0.6074074074074073, 0.546875], "Authority_voice": [0.5272727272727272, 0.5172413793103448, 0.5528455284552846, 0.41666666666666663, 0.45544554455445546, 0.4752475247524753, 0.5606060606060607, 0.4927536231884058, 0.5810810810810811, 0.5950413223140496, 0.47457627118644063, 0.5891472868217055, 0.4418604651162791, 0.47407407407407404, 0.4552845528455285, 0.4666666666666667, 0.49122807017543857, 0.49462365591397844, 0.4957264957264957, 0.4827586206896552, 0.509090909090909, 0.5753424657534247, 0.43697478991596644, 0.4731182795698925, 0.5074626865671642, 0.5833333333333333, 0.5043478260869565, 0.5147058823529411, 0.4948453608247422, 0.5040650406504066, 0.5365853658536586, 0.5423728813559321, 0.5172413793103449, 0.4814814814814815, 0.49612403100775193, 0.5190839694656487, 0.564885496183206, 0.5737704918032787, 0.4385964912280702, 0.42016806722689076], "Metaphors": [0.3170731707317073, 0.33707865168539325, 0.17142857142857143, 0.3838383838383838, 0.5346534653465346, 0.3333333333333334, 0.4222222222222223, 0.2926829268292683, 0.2666666666666667, 0.38834951456310685, 0.3773584905660377, 0.44444444444444436, 0.0, 0.4086021505376343, 0.2337662337662338, 0.4235294117647058, 0.39560439560439564, 0.3300970873786408, 0.3013698630136986, 0.3617021276595745, 0.2524271844660194, 0.41304347826086957, 0.2916666666666667, 0.4485981308411215, 0.30476190476190473, 0.49206349206349204, 0.2891566265060241, 0.16216216216216214, 0.25581395348837205, 0.3146067415730337, 0.26666666666666666, 0.29885057471264365, 0.36363636363636365, 0.35294117647058826, 0.2340425531914894, 0.41666666666666663, 0.16901408450704225, 0.45161290322580644, 0.5137614678899083, 0.18666666666666668], "Compassion": [0.7509293680297398, 0.765625, 0.8153846153846155, 0.7659574468085106, 0.8327402135231318, 0.749090909090909, 0.7432950191570882, 0.7659574468085106, 0.7415730337078652, 0.7777777777777779, 0.7346938775510204, 0.7708333333333334, 0.7509293680297399, 0.8150684931506851, 0.7920792079207921, 0.7851851851851853, 0.8041237113402062, 0.7870036101083032, 0.7553956834532374, 0.7849829351535836, 0.7804878048780488, 0.7404844290657439, 0.7647058823529411, 0.7649122807017544, 0.8210526315789474, 0.762962962962963, 0.7426470588235294, 0.7561837455830389, 0.7647058823529413, 0.7415730337078651, 0.7398373983739837, 0.7719298245614035, 0.7663551401869159, 0.7714285714285714, 0.7669172932330828, 0.7659574468085106, 0.7924528301886792, 0.7703180212014133, 0.7748344370860926, 0.7916666666666666], "The_poorer_the_merrier": [0.0, 0.0, 0.0, 0.0, 0.0, 0.0, 0.0, 0.16666666666666669, 0.0, 0.0, 0.0, 0.0, 0.0, 0.0, 0.0, 0.0, 0.0, 0.0, 0.0, 0.0, 0.0, 0.0, 0.0, 0.0, 0.18181818181818182, 0.0, 0.33333333333333337, 0.0, 0.0, 0.0, 0.18181818181818182, 0.0, 0.23529411764705882, 0.2857142857142857, 0.0, 0.0, 0.0, 0.0, 0.0, 0.0]}}